name,latitude,longitude,land_use
도봉산역 공영주차장(시),37.68972069,127.04483862,자연녹지지역
도봉산 공영주차장(시),37.6876442,127.04066026,자연녹지지역
도봉구청 부설주차장,37.6687158,127.04711546,준공업지역
거성학마을아파트,37.666646,127.039654,제2종일반주거지역
홈플러스 방학점,37.66482,127.043719,준공업지역
롯데백화점 노원점(별관) 주차장,37.655348,127.061802,준주거지역
롯데백화점 노원점(본관) 주차장,37.654954,127.06086,일반상업지역
우이동 공영주차장(시),37.65671789,127.01163698,제1종일반주거지역
KT노원타워,37.65445795,127.06369619,준주거지역
씨드큐브창동,37.65439,127.049764,일반상업지역
창동역(서) 공영주차장(시),37.65237042,127.04567683,제2종일반주거지역
상계백병원 주차장,37.648654,127.063009,제3종일반주거지역
더블유 Tmap 주차장(민영),37.64775334,127.03373409,일반상업지역
서울시립과학관 부설주차장,37.641981,127.077432,자연녹지지역
2001아울렛 중계점,37.64129794,127.06801938,일반상업지역
가오리 공영주차장(구),37.64160736,127.01498164,제2종일반주거지역
홈플러스 중계점,37.639866,127.068575,일반상업지역
수송초등학교 공영주차장(구),37.63709333,127.03300942,제2종일반주거지역
시범 공영주차장(구),37.64005648,127.02595849,준주거지역
에피소드수유838,37.636932,127.023307,일반상업지역
구파발역 공영주차장(시),37.63800702,126.91932176,일반상업지역
롯데몰 은평점 주차장,37.6374717811,126.91783905,일반상업지역
노원을지대학교병원 주차장,37.63642,127.070002,제2종일반주거지역
인수동공영주차장(구),37.63608367,127.01844991,제2종일반주거지역
희성프라자,37.63091732,127.06104087,제3종일반주거지역
미아동공영주차장(구),37.6285679,127.02235964,제2종일반주거지역
수유일공원공영주차장(구),37.63061186,127.01743071,제2종일반주거지역
이마트월계점,37.62745359,127.06201533,일반상업지역
번동 햇살 주차장(구),37.62509512,127.03343189,제1종일반주거지역
냉천길 공영주차장(구),37.62400561,127.01953853,제2종일반주거지역
롯데마트 삼양점,37.62561503,127.01770989,제2종일반주거지역
구세군길 공영주차장(무인)(구),37.62617605,127.01344244,제2종일반주거지역
오패산공영주차장(구),37.6221541,127.03114725,제2종일반주거지역
대지시장길 공영주차장(구),37.62016376,127.02031635,준주거지역
삼양마을공원지하공영주차장(구),37.62274538,127.01842794,제2종일반주거지역
홈플러스 신내점,37.615743,127.093825,준주거지역
석계역 공영주차장(시),37.615292,127.062997,제1종일반주거지역
송천동공영주차장(구),37.61458475,127.0251644,제2종일반주거지역
서울의료원 주차장,37.612879,127.099193,준주거지역
송중동 공영주차장(구),37.61165492,127.03363616,제3종일반주거지역
롯데백화점[미아점] 지하주차장,37.61417653,127.03055539,준주거지역
신세계 이마트미아점,37.61086046,127.02974197,일반상업지역
한화생명 불광동사옥,37.611843,126.92932,준주거지역
현대백화점 미아점 주차장,37.60838767,127.02877104,일반상업지역
JR메디컬센터타워 주차장,37.60736694,127.01009949,제2종일반주거지역
서울기록원 부설주차장,37.607239,126.934435,제2종일반주거지역
홈플러스 월곡점,37.601636,127.040355,준주거지역
이마트 은평점[은평이마트점],37.60079507,126.92066234,준주거지역
러스크서울병원[망우동 4호점],37.600071,127.104311,제3종일반주거지역
이마트 상봉점,37.59643854,127.09351851,일반상업지역
공유) 성북구 도담도담 주차장(구),37.594584,126.993775,제1종일반주거지역
JS빌딩 주차장,37.59098817,127.06438783,준주거지역
녹색병원 주차장,37.583909,127.086374,제2종일반주거지역
강서1주차장[개화나들목 앞],37.58522128,126.81982059,자연녹지지역
제이앤지산 주차장,37.58151728,127.07070593,제2종일반주거지역
롯데백화점 청량리점 주차장,37.581328,127.049055,제2종일반주거지역
국립현대미술관 서울관,37.57951713,126.98059114,제1종일반주거지역
SBS프리즘 타워주차장,37.57970504,126.89280744,일반상업지역
디디엠씨(DDMC) 주차장,37.57840939,126.89298914,일반상업지역
엠비씨 씨앤아이 파크엠(MBC C&I PARK M),37.57858093,126.89427368,제3종일반주거지역
(주)우리기술 사옥,37.58139385,126.887447,일반상업지역
상암 더팬빌딩 주차장[마포 상암점],37.58162041,126.88706131,일반상업지역
장안2동 공영주차장(시),37.5782752,127.07061896,준주거지역
홈플러스 동대문점,37.574439,127.038774,준주거지역
동의보감타워,37.577816,127.037717,일반상업지역
경복궁 주차장,37.576926,126.9791106,자연녹지지역
케이트윈타워,37.574719,126.979023,일반상업지역
트윈트리타워 주차장,37.57542635,126.9801813,일반상업지역
적선동 주차장(시),37.57449014,126.97418586,일반상업지역
상암1 공영주차장(구),37.577281,126.897236,일반상업지역
방화역(서) 공영주차장(시),37.57757395,126.81217459,제3종일반주거지역
개화역 공영주차장(시),37.57798421,126.79821222,자연녹지지역
장안1동 공영주차장(시),37.56941,127.066994,제2종일반주거지역
마장축산물시장 서문(건물) 공영주차장(구),37.5704876,127.03832741,제3종일반주거지역
마장축산물시장(건물) 공영주차장(구),37.571538,127.039926,제1종일반주거지역
마장동(건물) 공영주차장(구),37.56993875,127.03514519,제2종일반주거지역
신설동 공영주차장(시),37.57252061,127.02425684,준주거지역
서울디자인재단 본관 주차장,37.57288249,127.00816125,제3종일반주거지역
종로플레이스 주차장,37.572882,126.998496,일반상업지역
종묘주차장 공영주차장(시),37.57150398,126.99496888,일반상업지역
하나손해보험빌딩 주차장,37.57278965,126.99718284,일반상업지역
센트로폴리스,37.571631,126.983431,일반상업지역
종로타워 주차장,37.57045278,126.98383892,일반상업지역
서울글로벌센터 공영주차장(시),37.56983402,126.98150586,일반상업지역
지타워 주차장,37.57267337,126.98104937,일반상업지역
세종로 공영주차장(시),37.57340269,126.97588429,일반상업지역
문화비축기지주차장,37.569477,126.8947403,제2종일반주거지역
가양라이품 공영주차장(시),37.57155732,126.84165292,제2종일반주거지역
개화산역 공영주차장(시),37.57224302,126.80518976,준주거지역
강일동 주차장(구),37.565988,127.172313,제2종일반주거지역
알에프텍사옥,37.566055,127.160332,준주거지역
일화고덕비즈밸리,37.5664681574946,127.16002106666564,준주거지역
실로암사우나 중곡점 주차장,37.56907837,127.08555024,제2종일반주거지역
평화빌딩 주차장,37.56559316,127.05576,일반상업지역
도선동(지하) 공영주차장(구),37.565567,127.0316914,제2종일반주거지역
로얄주차장(민영),37.56645139,127.02178727,일반상업지역
신당사거리 공영주차장(구),37.56512357,127.0170201,제3종일반주거지역
신당역 공영주차장(구),37.56535145,127.02069649,제3종일반주거지역
황학어린이공원 지하주차장(구),37.56754712,127.01813313,일반상업지역
경찰공제회 신당동 무궁화회관,37.56862,127.014787,일반상업지역
동대문 공영주차장(시),37.56710187,127.01214106,일반상업지역
동대문두산타워 주차장,37.56881307,127.00877499,일반상업지역
현대백화점 현대시티아울렛 동대문점,37.56859457,127.00775925,일반상업지역
훈련원공원 공영주차장(시),37.56740014,127.00352062,일반상업지역
삼풍넥서스빌딩,37.56612307,126.99559351,일반상업지역
을지트윈타워 주차장,37.566153,126.997339,일반상업지역
시그니쳐타워 주차장,37.56753601,126.98849319,일반상업지역
크리스탈스퀘어 주차장,37.567672,126.989318,일반상업지역
파인에비뉴,37.56572319,126.98872568,일반상업지역
동국제강 공영주차장(시),37.56733736,126.98343453,일반상업지역
미래에셋센터원 주차장,37.567448,126.985157,일반상업지역
서울시청 본청사 주차장,37.56658706,126.97825111,일반상업지역
마포구청(마포구종합행정타운),37.56633524,126.90189819,제2종일반주거지역
마포농수산물시장 공영주차장[마포구청역 1호점],37.5651631,126.89797706,준주거지역
홈플러스 월드컵점,37.56833,126.89859,준주거지역
신방화역 공영주차장(시),37.56706812,126.81757628,일반상업지역
김포국제공항 국제선 지하주차장,37.564851,126.802117,자연녹지지역
보건복지행정타운,37.56466,127.084522,준주거지역
두봉상가 주차장,37.5617818,127.06705264,일반상업지역
용답제2(평면) 공영주차장(구),37.56328524,127.05628296,제2종일반주거지역
용답동(건물) 공영주차장(구),37.56458022,127.05432169,제2종일반주거지역
경진주차장,37.562606,127.032796,일반상업지역
왕십리 민자역사 비트플렉스몰 ,37.562091,127.037925,제3종일반주거지역
동화동 공영주차장(구),37.56137409,127.01900035,제2종일반주거지역
신당동 공영주차장(구),37.56204618,127.01442718,제3종일반주거지역
묵정공원지하 공영주차장(구),37.56379141,126.99979555,일반상업지역
눈스퀘어 주차장,37.56342589,126.98293645,중심상업지역
남대문 메사빌딩,37.5604002,126.979568,일반상업지역
롯데호텔 롯데백화점,37.56472646,126.98096695,일반상업지역
신세계백화점 본점(신관),37.560362,126.98095432,일반상업지역
한화생명 소공동사옥,37.564168,126.978553,일반상업지역
한화생명 태평로사옥,37.564181,126.977563,일반상업지역
서소문 시티스퀘어,37.563026,126.975362,일반상업지역
서소문삼성생명뒤(구),37.561784,126.974236,일반상업지역
순화타워 주차장,37.561078,126.97227539,일반상업지역
동아일보사 충정로사옥,37.56188747,126.96337537,준주거지역
신촌 연세의료원,37.5610711,126.939164,제2종일반주거지역
마포중앙도서관 공영주차장(구),37.56376056,126.90835345,제2종일반주거지역
성산2-1 공영주차장(구),37.564801,126.906726,제2종일반주거지역
"난지공원1, 2, 3주차장",37.5613576,126.88728016,자연녹지지역
영보빌딩 공영주차장(시),37.56332959,126.85308175,제3종일반주거지역
홈플러스 가양점,37.564269,126.850032,준공업지역
롯데백화점 김포공항점 주차장,37.564119,126.803464,자연녹지지역
김포국제공항 국제선 주차빌딩,37.56471,126.79971505,자연녹지지역
민속의 집 주차장(구),37.559645,127.168587,자연녹지지역
공유) 05-10(구),37.56016,127.048561,제2종일반주거지역
서울숲더샵아파트 주차장,37.55715486,127.04012516,준주거지역
하왕십리(건물) 공영주차장(구),37.560316,127.027944,제2종일반주거지역
동산 공영주차장(구),37.55634366,127.01597608,제2종일반주거지역
약수빌딩 주차장,37.55789144,127.01270923,제3종일반주거지역
청구 공영주차장(구),37.55897429,127.01340538,제3종일반주거지역
앰배서더서울 풀만 호텔,37.5601902,127.002238,일반상업지역
장충 공영주차장(구),37.56001,127.00131646,제2종일반주거지역
남산한옥마을 공영주차장(시),37.56005799,126.99316078,제1종일반주거지역
필동 공영주차장(구),37.55660191,126.99589418,제1종일반주거지역
남산예장 관광버스전용 주차장(시),37.559821,126.989076,제1종일반주거지역
남산동 공영주차장(구),37.55923691,126.98562404,제2종일반주거지역
스테이트타워남산,37.560122,126.982947,일반상업지역
중림동 실로암빌딩	,37.557744,126.968618,제3종일반주거지역
중림종합복지센터 주차장,37.559389,126.966214,제2종일반주거지역
하이파킹 서울역 주차장,37.555936,126.970221,제3종일반주거지역
대흥2구역 공영주차장(구),37.556123,126.945195,제2종일반주거지역
테라운드빌딩 주차장,37.55631688,126.93456352,일반상업지역
현대백화점 신촌점,37.55621008,126.93582104,일반상업지역
쓰리알유시티 주차장,37.55883346,126.92738241,준주거지역
애경타워 주차장,37.557095,126.927441,준주거지역
지남빌딩,37.56016449,126.92085666,제2종일반주거지역
아만티호텔 서울,37.557173,126.918598,제3종일반주거지역
망원1-1 공영주차장(구),37.556025,126.900057,제2종일반주거지역
망원2-1 공영주차장(구),37.557769,126.901535,제2종일반주거지역
홈플러스 강서점,37.558393,126.855058,준공업지역
NC 강서점,37.55998779,126.84037793,준주거지역
마곡테크노타워2 주차장,37.558168,126.828561,준주거지역
SB타워3 주차장,37.558933,126.82384,준주거지역
김포국제공항 국내선 제2주차장,37.558348,126.807332,자연녹지지역
김포국제공항 국내선 제1주차장,37.560122,126.804257,자연녹지지역
강동경희대학교병원,37.55292409,127.15748447,자연녹지지역
명성프라자 주차장,37.55459836,127.15409092,일반상업지역
명일동 공영주차장(시),37.55361065,127.15591212,일반상업지역
이마트 명일점,37.5540192,127.1560139,일반상업지역
볕우물 공영주차장(시),37.55237413,127.13512275,제2종일반주거지역
암사1동 주차장(구),37.55289,127.1377215,제2종일반주거지역
어린이대공원(후문),37.55188775,127.08723617,제1종일반주거지역
살곶이(평면) 공영주차장(구),37.55384954,127.04829171,자연녹지지역
금호초등학교,37.552314,127.019668,제2종일반주거지역
약수동 공영주차장(구),37.55222214,127.01335763,제1종일반주거지역
T타워,37.55384119,126.97579392,일반상업지역
손기정체육공원 공영주차장(구),37.55559696,126.96497303,제1종일반주거지역
한서 공영주차장(구),37.552856,126.949343,제2종일반주거지역
창천중교 공영주차장(구),37.55473789,126.93943744,제2종일반주거지역
신촌노외 공영주차장(구),37.553711,126.934128,제3종일반주거지역
에피소드 신촌369,37.554134,126.934784,일반상업지역
라이즈 오토그래프컬렉션 호텔,37.554439,126.921297,근린상업지역
칼리오페 주차장,37.55349117,126.92431124,제3종일반주거지역
망원1-2 공영주차장(구),37.55558459,126.90587312,제2종일반주거지역
망원2주차장[서울함공원옆],37.553965,126.896929,자연녹지지역
김포국제공항 화물청사 주차장,37.554713,126.809034,생산녹지지역
다올빌딩,37.54991985,127.17592213,준주거지역
한국종합기술 사옥[강동첨단 2호점],37.54976664,127.17440477,준주거지역
명일동 주차장(구),37.55097027,127.14292219,제2종일반주거지역
어린이대공원(상상나라),37.55093306,127.07649254,제1종일반주거지역
공유) 19-21(구),37.550551,127.067161,제2종일반주거지역
송정동(건물) 공영주차장(구),37.549976,127.0680728,제3종일반주거지역
성수2가3동(건물) 공영주차장(구),37.54913662,127.05519826,준공업지역
서울숲아이티밸리,37.547178,127.050013,준공업지역
누디트서울숲 주차장,37.547753,127.045195,준공업지역
뚝섬유수지(평면) 공영주차장(구),37.54982,127.041794,자연녹지지역
응봉동(평면) 공영주차장(구),37.549237,127.033572,제1종일반주거지역
공유) 09-06(구),37.55082911,127.02632265,제3종일반주거지역
금남시장 공영주차장(구),37.5484862,127.0232804,준주거지역
공덕1-1 공영주차장(구),37.547386,126.960882,제2종일반주거지역
서강대역 환승 공영주차장(구),37.551022,126.936452,제2종일반주거지역
천호1동 주차장(구),37.544695,127.136656,제1종일반주거지역
고분다리전통시장 주차장(구),37.542974,127.132245,제2종일반주거지역
"광나루1, 2주차장",37.54524688,127.11991897,자연녹지지역
천호유수지 주차장(구),37.54482977,127.12189925,제1종일반주거지역
어린이대공원(구의문),37.5455346,127.0850851,제1종전용주거지역
빌리브인테라스,37.545989,127.0739607,일반상업지역
팩토리얼 성수,37.54422641973328,127.0544761419296,준공업지역
갤러리아포레 더몰 상가 주차장,37.545295,127.043045,일반상업지역
공덕 효성해링턴스퀘어 주차장,37.543023,126.951226,일반상업지역
마포 재정회관빌딩,37.546364,126.953287,준주거지역
이마트 마포점[마포 공덕역 3호점],37.54244058,126.95338137,준주거지역
망원1주차장[당산철교북단],37.545234,126.909896,자연녹지지역
양화진 공영주차장(구),37.545722,126.911222,제2종일반주거지역
양화3주차장[양화선착장앞],37.54489139,126.89289421,자연녹지지역
드림앤드림,37.544613,126.837163,제3종일반주거지역
천호3동 주차장(구),37.53890256,127.13325491,준주거지역
천호3동제2 주차장(구),37.54053,127.134109,제2종일반주거지역
2001아울렛 천호점[천호아울렛점],37.54131025,127.12594022,일반상업지역
천호역 공영주차장(시),37.53849749,127.12512853,일반상업지역
현대백화점 천호점,37.53886562,127.12444339,일반상업지역
광나루3주차장[천호대교 하부],37.541306,127.116449,자연녹지지역
LG전자베스트샵 건대입구점,37.537905,127.076347,제3종일반주거지역
건국대학교병원,37.54043859,127.07212746,제3종일반주거지역
연한빌딩,37.54064061,127.07017995,일반상업지역
자양4동 공영주차장(구),37.53867795,127.06824343,제2종일반주거지역
무신사 E1,37.541721,127.058677,준공업지역
메가박스 성수점,37.5420109,127.044587,준공업지역
성수1가1동(건물) 공영주차장(구),37.53996228,127.04638485,제2종일반주거지역
에피소드 성수101 주차장,37.54078374,127.0487364,준공업지역
옥수유수지(평면) 공영주차장(구),37.541363,127.018293,제2종일반주거지역
한강진역 공영주차장(시),37.53952176,127.00257963,제2종일반주거지역
경찰공제회 자람빌딩,37.541842,126.949689,일반상업지역
도화 공영주차장(구),37.54155295,126.94993374,일반상업지역
마포아크로타워,37.54133579,126.9489866,일반상업지역
마포유수지(시),37.53890027,126.94266859,제2종일반주거지역
염리 공영주차장(구),37.54199792,126.94523726,제2종일반주거지역
양화1주차장[당산철교 하부],37.53796609,126.90331806,자연녹지지역
양화2주차장[전망카페],37.5388433,126.90146242,자연녹지지역
볏골공원 지하공영주차장(구),37.54149243,126.84439601,제2종일반주거지역
강동성심병원[본관/웰빙센터 주차장],37.536141,127.135263,일반상업지역
석탄공회관 주차장,37.53722656,127.13773854,일반상업지역
강동웨딩KDW 본관주차장,37.53516026,127.13365501,근린상업지역
프린스 주차장,37.536952,127.129914,일반상업지역
풍납1(구),37.53551936,127.12029156,제2종일반주거지역
풍납2(구),37.53604678,127.11607498,제2종일반주거지역
성진강변스파랜드,37.5349417,127.09125929,제2종일반주거지역
신라빌딩[구의역 자양사거리점],37.53702,127.082943,일반상업지역
성수2가1동(건물) 공영주차장(구),37.53716718,127.05619675,제3종일반주거지역
한남동 공영주차장(구),37.53496611,127.00019178,제2종일반주거지역
용산주차빌딩 공영주차장(시),37.53436379,126.96541818,일반상업지역
목동체비지 공영주차장(시),37.53679354,126.8806468,일반상업지역
가로공원로 지하 주차장(구),37.53758251,126.83934816,제3종일반주거지역
신월3동 여울공영주차장(구),37.53504594,126.82414512,제3종일반주거지역
안말 주차장(구),37.531248,127.129855,제1종일반주거지역
와이엠프라젠스파,37.53090327,127.08416216,제2종일반주거지역
편안한요양병원[광진자양점],37.53157639,127.08647428,제3종일반주거지역
아모레퍼시픽 본사 주차장,37.52917153,126.96843137,일반상업지역
서울드래곤시티,37.532138,126.961445,일반상업지역
세우빌딩,37.530037,126.926235,일반상업지역
신한드림리버오피스텔 주차장,37.529664,126.924537,일반상업지역
여의도한강3주차장(서강대교남단),37.53240356,126.924436,자연녹지지역
양천사회단체봉사센터 공영주차장(구),37.531871,126.875505,일반상업지역
중소기업유통센터(행복한백화점),37.52937002,126.87612377,일반상업지역
홈플러스 목동점,37.530284,126.873283,일반상업지역
신영시장 공동주차장(구),37.53302124,126.83625423,제2종일반주거지역
갤러리아백화점 명품관 EAST,37.52808559,127.04159925,제3종일반주거지역
갤러리아백화점 명품관 WEST,37.52857263,127.0400765,제3종일반주거지역
현대백화점 압구정 본점,37.52732583,127.02746025,제3종일반주거지역
압구정 428 공영주차장(구),37.52701729,127.02647115,제2종일반주거지역
"잠원1, 2, 3, 4, 5, 6주차장",37.5275464,127.01895624,자연녹지지역
아이파크몰 용산점 주차장,37.528694,126.963766,제3종일반주거지역
여의도한강2주차장(마포대교남단),37.528797,126.931198,자연녹지지역
파크원 주차장,37.52607331,126.92831446,일반상업지역
IFC 서울 주차장,37.52497241,126.92532318,일반상업지역
아이엠(im)증권빌딩,37.524501,126.923781,일반상업지역
여의도한강4주차장(여의2교-하부파천교),37.526097,126.913163,자연녹지지역
당산2동(구),37.52824898,126.90779447,준주거지역
롯데마트맥스 영등포점,37.52782182,126.90463093,준공업지역
당산노외 공영주차장(시),37.52625065,126.89945376,준주거지역
영등포제2스포츠센터,37.526684,126.902742,준공업지역
코레일유통 본사 사옥 주차장,37.525797,126.902025,준공업지역
당산근린공원 공영(구),37.52552609,126.89579413,준공업지역
서울양평점 롯데마트주차장(케이엠파크),37.52606684,126.89166568,준공업지역
영등포구청별관 공영주차장(구),37.528464,126.89437002,준공업지역
우림이비지센타 주차장,37.52579977,126.88797228,준공업지역
현대백화점 목동점,37.52685813,126.87503705,일반상업지역
NH농협은행 목동역지점,37.527005,126.863928,준주거지역
신월4동 공영주차장(시),37.525643,126.837692,제2종일반주거지역
신천유수지 공영주차장(시),37.52231457,127.10290327,제1종일반주거지역
언북초교 공영주차장(구),37.51999434,127.04565885,제2종일반주거지역
신구초 공영주차장(구),37.52309456,127.02429256,제2종일반주거지역
63스퀘어(63빌딩),37.520253,126.939938,일반상업지역
여의도한강공원1주차장(63빌딩앞),37.52217837,126.93973139,자연녹지지역
씨티플라자 주차장,37.52407584,126.92604709,일반상업지역
앵커원,37.5240936,126.9298043,일반상업지역
여의도 사학연금(TP타워),37.52169298376825,126.92284405231476,일반상업지역
영등포구청역 공영주차장(시),37.52432737,126.89548892,준공업지역
어울림 공영주차장(구),37.522184,126.869169,일반상업지역
웃우물 공영주차장(시),37.52379759,126.85141746,제3종일반주거지역
타워730 주차장,37.51579103,127.09910681,일반상업지역
"잠실1, 2, 3, 4주차장",37.517984,127.081214,자연녹지지역
파티오나인지상주차장,37.518087,127.0293906,제3종일반주거지역
파티오나인지하주차장,37.51829753,127.02916516,제3종일반주거지역
이촌1주차장[반포대교북단 하류],37.51770458,126.99191955,자연녹지지역
동작대교 공영주차장(시),37.518577,126.983287,제1종일반주거지역
"이촌3, 4주차장",37.5174522,126.97059677,자연녹지지역
여의도한강5주차장(성모병원앞),37.51696501,126.93576386,자연녹지지역
금융투자협회,37.519058,126.927645,일반상업지역
신길환승(5호선)(구),37.51775234,126.91460391,준주거지역
영등포 롯데역사 주차장,37.51597645,126.90749608,준공업지역
세미콜론문래,37.516095,126.899927,준공업지역
영남 공영주차장(시),37.51947074,126.90260898,준주거지역
영등포동제3공영(구),37.517985,126.902785,준공업지역
홈플러스 영등포점,37.518244,126.895921,준공업지역
문래동공영(구),37.51631443,126.8877957,준공업지역
문화회관 동측 공영주차장(구),37.516978,126.863605,일반상업지역
밝은빛 공영주차장(구),37.516179,126.861337,일반상업지역
송파빌딩 주차장,37.51511711,127.10725577,일반상업지역
롯데월드타워몰 주차장,37.513214,127.103274,일반상업지역
롯데캐슬골드,37.51449368,127.10073623,일반상업지역
잠실역 공영주차장(시),37.51427683,127.10341414,제2종일반주거지역
롯데월드 주차장,37.51142084,127.09804531,일반상업지역
JBK타워 주차장,37.51504294,127.06315005,제3종일반주거지역
삼성1문화센터 공영주차장(구),37.51434435,127.0626519,제3종일반주거지역
코엑스 주차장,37.51243164,127.05884715,일반상업지역
호텔오크우드 주차장,37.511048,127.058108,일반상업지역
화이트팜,37.511022,127.023183,제3종일반주거지역
위워크 신사점 주차장,37.51419673,127.02060837,제3종일반주거지역
반포1주차장[반포대교남단 상류],37.513555,127.003245,자연녹지지역
이촌2주차장[동작대교 하부],37.51535432,126.98314157,자연녹지지역
영등포본동제2공영(구),37.51332538,126.91407775,제3종일반주거지역
누리 공영주차장(구),37.515405,126.862724,일반상업지역
계남다목적체육관[계남근린공원 1호점],37.513034,126.850433,자연녹지지역
송파동(건축물식)(구),37.50704487,127.11336408,제2종일반주거지역
메디톡스사옥,37.50929417,127.06640733,제3종일반주거지역
브이플렉스 주차장,37.50752506,127.05676928,일반상업지역
현대백화점 무역점,37.50861623,127.05973996,일반상업지역
강남치매지원센터 공영주차장(구),37.5102479,127.04645828,제3종일반주거지역
논현초교 공영주차장(구),37.50822463,127.02626245,제2종일반주거지역
뉴코아 강남점,37.509251,127.00751007,제3종일반주거지역
"반포2, 3주차장",37.50967919,126.99514709,자연녹지지역
덕봉빌딩[중앙대 1호점],37.50760295,126.9628339,준주거지역
동해주차장[중앙대 2호점](민영),37.50769977,126.96331901,제2종일반주거지역
도림동 공영주차장(구),37.50834696,126.89679637,준공업지역
신도림테크노마트주차장,37.506985,126.890335,일반상업지역
현대백화점 디큐브시티,37.508607,126.888938,일반상업지역
새마을운동중앙회빌딩,37.502748,127.067243,제3종일반주거지역
대치2문화센터 공영주차장(구),37.50227954,127.06420443,"제1종일반주거지역, 제1종전용주거지역"
오토웨이타워 주차장,37.50618013,127.06374105,제3종일반주거지역
KT선릉타워,37.50527179,127.05289807,일반상업지역
강남파이낸스프라자,37.505885,127.052161,일반상업지역
위워크 선릉3호점 주차장,37.50346366,127.04987204,일반상업지역
역삼아이타워,37.50352939,127.04707528,일반상업지역
센터필드 주차장,37.50351,127.041761,일반상업지역
역삼아르누보씨티,37.503416,127.042847,일반상업지역
역삼문화공원 공영주차장(구),37.5026327,127.03006081,제1종전용주거지역
반포동 방음언덕형 공영주차장(구),37.50486336,127.01835867,제1종일반주거지역
언구비 공영주차장(구),37.50474149,127.02098179,제2종일반주거지역
도림신협본점 옥외주차장,37.50563,126.910559,근린상업지역
스타팰리스,37.503287,126.881119,준주거지역
구로대명벨리온,37.50329395,126.87434357,준공업지역
천마(건축물식)(구),37.500309,127.154955,자연녹지지역
헬리오시티상가 주차장,37.499804,127.111493,제3종일반주거지역
빌라드그리움 주차장,37.50039737,127.10408468,제2종일반주거지역
삼전동(건축물식)(구),37.50025109,127.09589543,제2종일반주거지역
도곡로 421 공영주차장(구),37.49782255,127.05648634,제3종일반주거지역
도곡초 공영주차장(구),37.49906096,127.05468508,제2종일반주거지역
아르고주차장,37.501437,127.054344,제2종일반주거지역
반포서래공영주차장(구),37.49814931,126.99783192,제2종일반주거지역
대림운동장(구),37.49965667,126.89483844,제1종일반주거지역
구로5동마을공동주차장(구),37.50085864,126.88604808,제2종일반주거지역
NC백화점 신구로점[구로역 4호점],37.50114707,126.8827651,일반상업지역
아이파크몰 고척점 주차장,37.497803,126.860705,준공업지역
마천동2(건축물식)(구),37.49436437,127.1561092,제2종일반주거지역
마천동3(건축물식)(구),37.49615427,127.14984862,제2종일반주거지역
가락몰 주차장,37.493986,127.116099,유통상업지역
탄천제2호 공영주차장(구),37.49403327,127.087416,자연녹지지역
대청역 공영주차장(구),37.49495555,127.07932368,제1종일반주거지역
학여울 공영주차장(시),37.49705092,127.07239543,제3종일반주거지역
도곡로 327 공영주차장(구),37.496258,127.05174035,제3종일반주거지역
롯데백화점 강남점 주차장,37.496953,127.053346,준주거지역
역삼1문화센터 공영주차장(구),37.49534845,127.03323757,제3종일반주거지역
현대기림오피스텔,37.494023,127.028388,일반상업지역
서래마을공영주차장(구),37.49715663,126.99877889,제1종일반주거지역
서울특별시보라매병원,37.493829,126.924501,제2종일반주거지역
대림1동공영(구),37.49314103,126.90163365,제2종일반주거지역
동구로 공영주차장(시),37.49510602,126.89186155,제3종일반주거지역
일이삼전자타운,37.49747916,126.86315996,준공업지역
오류동 시티월드,37.49444763,126.84103669,일반상업지역
영희초교 공영주차장(구),37.49192117,127.08129163,제2종일반주거지역
일원1동(기계식)(구),37.48948769,127.08176548,제2종일반주거지역
개포동공원 공영주차장(구),37.48949036,127.06623841,제1종일반주거지역
린스퀘어 주차장,37.48867108,127.05302777,일반상업지역
도곡로21길 7 공영주차장(구),37.49250002,127.0388068,제2종일반주거지역
에피소드 서초 393 주차장,37.48998528,127.02969202,일반상업지역
한화생명 서초사옥(드림플러스),37.490875,127.030305,일반상업지역
서초 마제스타시티,37.490654,127.005473,준주거지역
오퓨런스[서초역 1번출구],37.492016,127.009657,일반상업지역
방배열린문화센터 공영주차장(구),37.48895873,126.99232981,제3종일반주거지역
롯데백화점 관악점 주차장,37.49055258,126.92509617,일반상업지역
보라매상업 공영주차장(시),37.49039184,126.92340595,제1종일반주거지역
전문건설회관 주차장,37.492012,126.924303,일반상업지역
대림노외 공영주차장(시),37.4928472,126.89433148,제3종일반주거지역
고려대학교 구로병원,37.4917248,126.884062,제3종일반주거지역
문정근린공원(구),37.48599491,127.12464869,제2종일반주거지역
수서역북 공영주차장(시),37.48801285,127.09994995,제2종일반주거지역
일원역 공영주차장(시),37.48468629,127.08408987,제2종일반주거지역
논현로32길15 공영주차장(구),37.48430646,127.04341808,제2종일반주거지역
언주초 공영주차장(구),37.48664435,127.03705039,제2종일반주거지역
우제빌딩 주차장,37.48795025,127.00893688,제3종일반주거지역
방배1동 공영주차장(구),37.48549233,126.99247595,제2종일반주거지역
봉천동 메카플러스주차장,37.48615857,126.94738402,준주거지역
신대방역 공영주차장(시),37.48830327,126.91452278,제3종일반주거지역
구로디지털단지역(상) 공영주차장(시),37.48481135,126.90323392,제3종일반주거지역
구로디지털단지역 공영주차장(시),37.48543179,126.90124331,해당 좌표에 대한 용도지역 정보를 찾을 수 없습니다.
대륭포스트타워7차,37.487319,126.894567,준공업지역
벽산디지털밸리7차,37.487507,126.894005,준공업지역
삼성IT밸리 주차장,37.486037,126.894718,준공업지역
에이스테크노타워3차 주차장,37.484386,126.893324,준공업지역
우림이비지센터,37.486919,126.895235,준공업지역
KT개봉빌딩,37.48671161,126.85769069,제2종일반주거지역
천왕역 공영주차장(시),37.48728845,126.83918316,준주거지역
논현로22길(구),37.48150119,127.04781332,제1종일반주거지역
제이프러스빌딩,37.47967132,127.03967212,제2종일반주거지역
GS건설 서초타워,37.48327278,127.02113395,제3종일반주거지역
공유) 삼일주차장(민영),37.483706,126.973835,제3종일반주거지역
공유) 은행나무골(구),37.481083,126.97161,제2종일반주거지역
타임스트림[신림역 2호점],37.48386679,126.93020739,일반상업지역
지플러스타워,37.48307,126.897861,준공업지역
G-Tower[구로 지스퀘어점],37.48016976,126.8952706470708,준공업지역
JNK디지털타워,37.482417,126.897046,준공업지역
구로 한화비즈메트로,37.480802,126.892895,준공업지역
마리오타워,37.482225,126.895367,준공업지역
에이스 하이엔드 타워 1차 부설주차장,37.48153894,126.89345807,준공업지역
코오롱 디지털타워 빌란트 1차,37.48346092,126.89654064,준공업지역
가산 우림라이온스밸리,37.479934,126.882532,준공업지역
가산비즈니스센터,37.48018615,126.88106079,준공업지역
스타밸리 주차장,37.48169755,126.88484394,준공업지역
에이스테크노타워10차 주차장,37.48291585,126.88115699,준공업지역
가산A1타워 주차장,37.482971,126.878859,준공업지역
대륭테크노타운5차,37.48039,126.875947,준공업지역
대륭테크노타운6차 주차장,37.48119476,126.8760601,준공업지역
디폴리스 주차장,37.47984151,126.87708848,준공업지역
백상스타타워2차,37.48248593,126.87746904,준공업지역
구로 천왕센터프라자,37.480874,126.839309,준주거지역
가든파이브 라이프,37.477592206,127.125068,유통상업지역
구룡산제2호(구),37.47725982,127.06647741,제3종일반주거지역
구룡산제1호(구),37.47791276,127.06605468,제2종일반주거지역
포이초교 공영주차장(구),37.47564571,127.05236496,제2종일반주거지역
사당노외 공영주차장(시),37.47543791,126.98377372,일반상업지역
남현동 도원빌딩,37.476133,126.978907,일반상업지역
더리즌밸리 주차장,37.47596366,126.88840141,준공업지역
마리오아울렛 1관,37.47820076,126.88711812,준공업지역
마리오아울렛 2관,37.47867559,126.88639434,준공업지역
하이힐(현대시티아울렛),37.477607,126.889162,준공업지역
SJ테크노빌 주차장(롯데팩토리아울렛),37.47944415,126.88459482,준공업지역
stx V-TOWER 주차장,37.47723596,126.88376012,준공업지역
마리오아울렛 3관,37.4784765,126.88501587,준공업지역
에이스하이엔드3차 주차장,37.47814,126.881721,준공업지역
구로항동에이스캠프,37.476611,126.81735,준주거지역
밤고개로21길 공영주차장(구),37.47354638,127.11441141,제2종일반주거지역
구룡공원 공영주차장(구),37.471637,127.048511,제1종일반주거지역
언남문화체육센터 공영주차장(구),37.47217874,127.04431809,제2종일반주거지역
매헌시민의숲동측 공영주차장(구),37.4723039,127.03822651,자연녹지지역
홈플러스 남현점,37.471474,126.982437,자연녹지지역
세이브마트 신림본점 주차장,37.474325,126.917867,준주거지역
롯데마트 맥스 금천점,37.47065964,126.89577553,준공업지역
가산아이에스비즈타워[가산동 3호점],37.47287815,126.88323063,준공업지역
잔카드림타워,37.47145803,126.88237814,준공업지역
한라시그마밸리,37.47300896,126.88113448,준공업지역
복정역 공영주차장(시),37.47005293,127.1277329,준주거지역
팜모드 주차장,37.467241,127.099975,제2종일반주거지역
동산마을 공영주차장(구),37.47009388,127.04432613,제2종일반주거지역
현대지식산업센터,37.46893342,126.89572924,준공업지역
홈플러스 금천점,37.468669,126.896874,준공업지역
대륭테크노타운 20차,37.466759,126.886899,준공업지역
대륭테크노타운13차,37.468397,126.88777,준공업지역
더 루벤스밸리[독산역 1호점],37.46620821,126.88710329,준공업지역
우림라이온스밸리2차,37.46684598,126.88833083,준공업지역
대왕초 공영주차장(구),37.46445115,127.10558271,제2종일반주거지역
이마트 양재점[양재시민의숲역 2호점],37.46331731,127.03687065,일반상업지역
남부여성발전센터 공영주차장(시),37.462917,126.905718,제1종일반주거지역
금천 롯데타워 오피스텔,37.464592,126.890806,준공업지역
디지털엠파이어 주차장,37.46538608,126.88749939,준공업지역
효봉공영주차장(구),37.46077721,126.91096477,제1종일반주거지역
금천 롯데 캐슬 4차,37.461029,126.89633,준주거지역
롯데캐슬골드파크3차,37.4592374,126.8970595,준주거지역
KT광명빌딩,37.45601954,126.88759789,제1종일반주거지역
홈플러스 시흥점,37.451886,126.900804,준공업지역
