주차장 이름,위도,경도,주변 주차장
도봉산역 공영주차장(시),37.68972069,127.04483862,
도봉산 공영주차장(시),37.6876442,127.04066026,
현대성우아파트,37.676229,127.047725,
당고개위 공영주차장(시),37.67070279,127.08041836,
도봉구청 부설주차장,37.6687158,127.04711546,
거성학마을아파트,37.666646,127.039654,
이안테라디움방학역오피스텔,37.665784,127.043741,
홈플러스 방학점,37.66482,127.043719,
신한은행 방학동지점,37.663147,127.036928,
롯데백화점 노원점(별관) 주차장,37.655348,127.061802,
롯데백화점 노원점(본관) 주차장,37.654954,127.06086,
LG전자베스트샵 쌍문본점,37.654867,127.037972,
우이동 공영주차장(시),37.65671789,127.01163698,
정안빌딩,37.657457,127.01391,
KT노원타워,37.65445795,127.06369619,
씨드큐브창동,37.65439,127.049764,
창동역(서) 공영주차장(시),37.65237042,127.04567683,
상계백병원 주차장,37.648654,127.063009,
더블유 Tmap 주차장(민영),37.64775334,127.03373409,
서울시립과학관 부설주차장,37.641981,127.077432,
2001아울렛 중계점,37.64129794,127.06801938,
가오리 공영주차장(구),37.64160736,127.01498164,
홈플러스 중계점,37.639866,127.068575,
수송초등학교 공영주차장(구),37.63709333,127.03300942,
시범 공영주차장(구),37.64005648,127.02595849,
에피소드수유838,37.636932,127.023307,
노원을지대학교병원 주차장,37.63642,127.070002,
인수동공영주차장(구),37.63608367,127.01844991,
LG전자베스트샵 노원본점,37.628515,127.071146,
희성프라자,37.63091732,127.06104087,
미아동공영주차장(구),37.6285679,127.02235964,
수유프라자,37.631703,127.02348,
우리은행 미아역지점,37.62777652,127.02513238,
수유일공원공영주차장(구),37.63061186,127.01743071,
이마트월계점,37.62745359,127.06201533,
번동 햇살 주차장(구),37.62509512,127.03343189,
냉천길 공영주차장(구),37.62400561,127.01953853,
롯데마트 삼양점,37.62561503,127.01770989,
구세군길 공영주차장(무인)(구),37.62617605,127.01344244,
꿈의숲요양병원,37.620514,127.044938,
오패산공영주차장(구),37.6221541,127.03114725,
대지시장길 공영주차장(구),37.62016376,127.02031635,
삼양마을공원지하공영주차장(구),37.62274538,127.01842794,
홈플러스 신내점,37.615743,127.093825,
석계역 공영주차장(시),37.615292,127.062997,
LG전자베스트샵 강북본점,37.618662,127.028891,
도봉로 15길 공영주차장(시),37.61695866,127.0279473,
송천동공영주차장(구),37.61458475,127.0251644,
서울의료원 주차장,37.612879,127.099193,
송중동 공영주차장(구),37.61165492,127.03363616,
롯데백화점[미아점] 지하주차장,37.61417653,127.03055539,
신세계 이마트미아점,37.61086046,127.02974197,
베누스타 주차장,37.60933538,127.02949836,
성북힐스테이트 주차장,37.606535,127.030397,
성북힐스테이트아파트,37.606548,127.029027,
현대백화점 미아점 주차장,37.60838767,127.02877104,
JR메디컬센터타워 주차장,37.60736694,127.01009949,
대명프라자,37.601777,127.096903,
홈플러스 월곡점,37.601636,127.040355,
러스크서울병원[망우동 4호점],37.600071,127.104311,
다이소 망우2호점,37.599122,127.098381,
이마트 상봉점,37.59643854,127.09351851,
휘경메디컬프라자,37.59178,127.066602,
공유) 성북구 도담도담 주차장(구),37.594584,126.993775,
JS빌딩 주차장,37.59098817,127.06438783,
돈암동일하이빌 주차장,37.59164441,127.01442238,
녹색병원 주차장,37.583909,127.086374,
제이앤지산 주차장,37.58151728,127.07070593,
롯데백화점 청량리점 주차장,37.581328,127.049055,
두산베어스타워,37.578574,127.03242,
장안2동 공영주차장(시),37.5782752,127.07061896,
LG전자베스트샵 용두점,37.575415,127.0386,
홈플러스 동대문점,37.574439,127.038774,
동대문베네스트어반라이프,37.577858,127.033597,
동의보감타워,37.577816,127.037717,
홍익대학교 대학로캠퍼스,37.576526,127.001474,
중곡3동공영주차장(구),37.56993873,127.08469308,
장안1동 공영주차장(시),37.56941,127.066994,
공유) 04-16(구),37.57011,127.0433933,
공유) 04-17(구),37.56939,127.04483,
마장축산물시장 서문(건물) 공영주차장(구),37.5704876,127.03832741,
마장축산물시장(건물) 공영주차장(구),37.571538,127.039926,
공유) 04-01(구),37.5696,127.03263,
공유) 04-02(구),37.5698166,127.03303992,
청계8가(남) 공영주차장(시),37.56970941,127.03216792,
공유) 04-04(구),37.571058144,127.03481018,
공유) 04-03(구),37.571558107,127.03643021,
공유) 04-23(구),37.56944669,127.0360172,
마장동(건물) 공영주차장(구),37.56993875,127.03514519,
청계8가(북) 공영주차장(시),37.57063582,127.02824815,
신설동 공영주차장(시),37.57252061,127.02425684,
청계7가 공영주차장(시),37.57217485,127.02225792,
청계8가 공영주차장(시),37.57002852,127.01735719,
청계6(동평화) 공영주차장(시),37.56958258,127.01316308,
청계6(북) 공영주차장(시),37.56998946,127.0136987,
청계6(청평화) 공영주차장(시),37.56960075,127.01521402,
남평화시장(구),37.569043,127.011648,
청계6(신평화시장앞) 공영주차장(시),37.569577,127.011183,
서울디자인재단 본관 주차장,37.57288249,127.00816125,
청계5(남) 공영주차장(시),37.56951246,127.00750172,
청계5(북1) 공영주차장(시),37.56988704,127.00756704,
청계5가 공영주차장(시),37.56953489,127.00795168,
청계5(방산동) 공영주차장(시),37.56948283,127.00601836,
우리은행ATM 종로5가지점,37.570031,127.001665,
청계3(북1) 공영주차장(시),37.56967214,127.00112596,
청계5(동호로_북) 공영주차장(시),37.57028463,127.0021223,
청계3(남) 공영주차장(시),37.56934864,127.00128399,
동순라길(종묘) 관광버스전용 주차장(시),37.5730121,126.99677676,
하나손해보험빌딩 주차장,37.57278965,126.99718284,
종로플레이스 주차장,37.572882,126.998496,
종묘주차장 공영주차장(시),37.57150398,126.99496888,
청계3(창경궁로_북1) 공영주차장(시),37.57045874,126.99733225,
탑골공원 관광버스전용 주차장(시),37.57134087,126.98776281,
강일타워,37.565628,127.173818,
강일동 주차장(구),37.565988,127.172313,
알에프텍사옥,37.566055,127.160332,
일화고덕비즈밸리,37.5664681574946,127.16002106666565,
실로암사우나 중곡점 주차장,37.56907837,127.08555024,
서희스타힐스아파트,37.569014,127.070344,
한강훼미리아파트,37.568597,127.06818,
평화빌딩 주차장,37.56559316,127.05576,
공유) 04-15(구),37.56834,127.04386,
공유) 04-18(구),37.56822,127.044732,
공유) 04-19(구),37.56624917,127.04420328,
공유) 04-50(구),37.567822435,127.04568922,
공유) 04-55(구),37.566835292,127.04574031,
공유) 05-09(구),37.565129533,127.0473239,
공유) 20-21(구),37.569093775,127.04777598,
공유) 04-12(구),37.568881178,127.03903734,
공유) 04-14(구),37.566653123,127.04275488,
공유) 04-49(구),37.565071333,127.0398581,
공유) 03-01(구),37.56804,127.03252,
공유) 03-06(구),37.5653,127.03475445,
공유) 03-07(구),37.56506,127.03313,
공유) 03-15(구),37.56684871,127.03400015,
공유) 04-24(구),37.56737,127.03411,
공유) 06-22(구),37.565415888,127.03742434,
공유) 03-10(구),37.56773,127.03111,
공유) 03-14(구),37.566139068,127.03115581,
도선동(지하) 공영주차장(구),37.565567,127.0316914,
로얄주차장(민영),37.56645139,127.02178727,
신당사거리 공영주차장(구),37.56512357,127.0170201,
신당역 공영주차장(구),37.56535145,127.02069649,
청계천두산위브더제니스상,37.56682,127.017092,
황학어린이공원 지하주차장(구),37.56754712,127.01813313,
DDP동측(양쪽) 관광버스전용 주차장(시),37.56644898,127.0119162,
DDP북측 마장로 관광버스전용 주차장(시),37.56836018,127.01048308,
경찰공제회 신당동 무궁화회관,37.56862,127.014787,
동대문 공영주차장(시),37.56710187,127.01214106,
동대문두산타워 주차장,37.56881307,127.00877499,
현대백화점 현대시티아울렛 동대문점,37.56859457,127.00775925,
훈련원공원 옆(구),37.567805,127.005067,
청계3(동호로) 공영주차장(시),37.56921838,127.00195247,
청계5(동호로_남) 공영주차장(시),37.56912618,127.00222011,
훈련원공원 공영주차장(시),37.56740014,127.00352062,
공유) 삼풍상가3구간(02~12)(구),37.56615038,126.9957824,
공유) 삼풍상가4구간(23~26)(구),37.56626933,126.9953819,
삼풍넥서스빌딩,37.56612307,126.99559351,
공유) 삼풍상가4구간(18~21)(구),37.56517035,126.9954911,
세운대림상가(서측)(구),37.566821,126.995252,
배오개길 공영주차장(시),37.56568137,126.99829135,
세운대림상가(동측)(구),37.5683313,126.9956424,
청계2(북2) 공영주차장(시),37.56878199,126.99591057,
청계2(북1) 공영주차장(시),37.568689,126.994708,
을지트윈타워 주차장,37.566153,126.997339,
청계3(창경궁로_남) 공영주차장(시),37.56837721,126.99794649,
돈화문로 공영주차장(시),37.565641,126.992781,
세종주차장(민영),37.56901932,126.98920432,
시그니쳐타워 주차장,37.56753601,126.98849319,
청계1(북) 공영주차장(시),37.56831662,126.9893367,
크리스탈스퀘어 주차장,37.567672,126.989318,
파인에비뉴,37.56572319,126.98872568,
보건복지행정타운,37.56466,127.084522,
경륜경정 장안지점 주차장,37.56229166,127.0671915,
두봉상가 주차장,37.5617818,127.06705264,
공유) 20-11(구),37.563459744,127.05530226,
공유) 20-13(구),37.563183347,127.05575287,
공유) 20-33(구),37.562981437,127.05584818,
용답제2(평면) 공영주차장(구),37.56328524,127.05628296,
공유) 20-14(구),37.562385913,127.05569544,
공유) 20-15(구),37.56180365,127.05525815,
공유) 20-34(구),37.56064519,127.0567091,
공유) 20-23(구),37.564765176,127.05003976,
공유) 20-26(구),37.56161106,127.0518833,
용답동(건물) 공영주차장(구),37.56458022,127.05432169,
공유) 05-08(구),37.560745,127.04879,
공유) 04-20(구),37.56367,127.04215,
공유) 04-22(구),37.5636,127.03874,
경진주차장,37.562606,127.032796,
공유) 02-08(구),37.56205,127.03303,
공유) 03-20(구),37.564542348,127.03549,
공유) 06-05(구),37.560946617,127.03450441,
왕십리 민자역사 비트플렉스몰 ,37.562091,127.037925,
공유) 02-07(구),37.56083,127.03043,
공유) 동화동 07(003~012구간)(구),37.5625999,127.0176766,
동화동 공영주차장(구),37.56137409,127.01900035,
신당동 공영주차장(구),37.56204618,127.01442718,
남산센트럴시티투웨니퍼스트오피스텔,37.564729,127.000972,
마른내로 공영주차장(시),37.56463752,127.00142678,
묵정공원지하 공영주차장(구),37.56379141,126.99979555,
공유) 진양상가1구간 1-02면 (장애인전용)(구),37.5634183,126.9961205,
마른내길 공영주차장(시),37.56440034,126.99357536,
민속의 집 주차장(구),37.559645,127.168587,
LG전자베스트샵 광진본점,37.556923,127.0811808,
스테이더디자이너스군자오피스텔 주차장,37.557336,127.077946,
공유) 19-19(구),37.559330686,127.07301557,
공유) 19-20(구),37.557880233,127.07211106,
공유) 05-10(구),37.56016,127.048561,
공유) 05-04(구),37.5585,127.03941,
공유) 05-05(구),37.559016,127.03915536,
서울숲더샵아파트 주차장,37.55715486,127.04012516,
공유) 06-02(구),37.558574351,127.03574305,
공유) 06-11(구),37.55906169,127.03298455,
서울숲리버뷰자이아파트상가,37.556314,127.038052,
공유) 02-06(구),37.56028,127.02835,
하왕십리(건물) 공영주차장(구),37.560316,127.027944,
공유) 02-10(구),37.55987,127.02966,
동산 공영주차장(구),37.55634366,127.01597608,
공유) 청구동 05(001~013구간)(구),37.5562788,127.0128583,
약수빌딩 주차장,37.55789144,127.01270923,
청구 공영주차장(구),37.55897429,127.01340538,
공유) 장충동 10(005~009구간)(구),37.5590781,127.002698,
앰배서더서울 풀만 호텔,37.5601902,127.002238,
장충 공영주차장(구),37.56001,127.00131646,
남산한옥마을 공영주차장(시),37.56005799,126.99316078,
필동 공영주차장(구),37.55660191,126.99589418,
남산예장 관광버스전용 주차장(시),37.559821,126.989076,
강동경희대학교병원,37.55292409,127.15748447,
공유) 주양쇼핑앞 주차장(구),37.55183962,127.15475428,
명성프라자 주차장,37.55459836,127.15409092,
명일동 공영주차장(시),37.55361065,127.15591212,
이마트 명일점,37.5540192,127.1560139,
볕우물 공영주차장(시),37.55237413,127.13512275,
암사1동 주차장(구),37.55289,127.1377215,
어린이대공원(후문),37.55188775,127.08723617,
공유) 능동 IoT 공유주차장(구),37.552018,127.078459,
공유) 19-04(구),37.553013,127.067656,
공유) 19-12(구),37.55572095,127.06986499,
살곶이(평면) 공영주차장(구),37.55384954,127.04829171,
공유) 08-10(구),37.552156381,127.03658044,
공유) 07-05(구),37.55402998,127.03167662,
공유) 08-01(구),37.55366,127.02757,
공유) 08-12(구),37.5541842,127.02729412,
공유) 08-02(구),37.55243282,127.02893614,
공유) 08-03(구),37.5524,127.0316,
벽산하이피아프라자 별관,37.551573,127.026326,
공유) 10-01(구),37.555579891,127.01724708,
공유) 10-02(구),37.55169,127.01771,
공유) 10-05(구),37.5535238,127.01795732,
금호초등학교,37.552314,127.019668,
신금호파크자이아파트 상가동,37.555595,127.019728,
약수동 공영주차장(구),37.55222214,127.01335763,
공유) 다산동 03(001~055구간)(구),37.5556884,127.0066239,
관철동 공영주차장(시),37.56847403,126.98608025,
남산동 공영주차장(구),37.55923691,126.98562404,
미래에셋센터원 주차장,37.567448,126.985157,
DGB금융센터,37.568395,126.98235,
한국관광공사 옆(구),37.568338,126.982009,
남대문 메사빌딩,37.5604002,126.979568,
남산공원 소파로 관광버스전용 주차장(시),37.55613113,126.97880145,
남산케이블카 공영주차장(시),37.55631925,126.98415243,
남산파출소 공영주차장(시),37.55495673,126.98173292,
눈스퀘어 주차장,37.56342589,126.98293645,
다동쉼터(구),37.567908,126.979967,
동국제강 공영주차장(시),37.56733736,126.98343453,
롯데호텔 롯데백화점,37.56472646,126.98096695,
서울글로벌센터 공영주차장(시),37.56983402,126.98150586,
센트로폴리스,37.571631,126.983431,
소파로케이블카앞 관광버스전용 주차장(시),37.55519966,126.98374278,
스테이트타워남산,37.560122,126.982947,
신세계백화점 본점(신관),37.560362,126.98095432,
조선호텔 앞(구),37.56392121,126.98018973,
종로타워 주차장,37.57045278,126.98383892,
지타워 주차장,37.57267337,126.98104937,
해운센터 앞(구),37.56337305,126.98083219,
T타워,37.55384119,126.97579392,
공유) 회현동 12(005~013구간)(구),37.5547328,126.9744666,
국제화재빌딩 옆(구),37.5581731,126.976018,
남대문 시장 관광버스전용 주차장(시),37.55952,126.975908,
남대문 초입 관광버스전용 주차장(시),37.55953,126.975731,
남대문 화물 공영주차장(시),37.56096448,126.97813425,
남대문피혁상가 남측(구),37.559468,126.974095,
남산공원 소월로 관광버스전용 주차장(시),37.55458553,126.97798499,
뉴국제호텔 앞(구),37.568228,126.97805,
코오롱빌딩 옆(구),37.5677975,126.978343,
서소문 시티스퀘어,37.563026,126.975362,
서소문삼성생명뒤(구),37.561784,126.974236,
서울시청 본청사 주차장,37.56658706,126.97825111,
한진면세점 앞(구),37.55631344,126.97560042,
한화생명 소공동사옥,37.564168,126.978553,
한화생명 태평로사옥,37.564181,126.977563,
서소문올리브타워 옆(구),37.561736,126.973109,
순화타워 주차장,37.561078,126.97227539,
바비엥2오피스텔,37.56531,126.967965,
이화여고 앞(구),37.565593,126.968315,
정동빌딩,37.56750993,126.97089851,
중림동 실로암빌딩	,37.557744,126.968618,
하이파킹 서울역 주차장,37.555936,126.970221,
공유) 중림동 11(001~009구간)(구),37.5590136,126.9624063,
공유) 중림동 11(010~020구간)(구),37.558746,126.9642899,
동아일보사 충정로사옥,37.56188747,126.96337537,
손기정체육공원 공영주차장(구),37.55559696,126.96497303,
중림종합복지센터 주차장,37.559389,126.966214,
한서 공영주차장(구),37.552856,126.949343,
대흥2구역 공영주차장(구),37.556123,126.945195,
서강대역 환승 공영주차장(구),37.551022,126.936452,
신촌 연세의료원,37.5610711,126.939164,
에피소드 신촌369,37.554134,126.934784,
창천중교 공영주차장(구),37.55473789,126.93943744,
테라운드빌딩 주차장,37.55631688,126.93456352,
현대백화점 신촌점,37.55621008,126.93582104,
공유) 9-88(구),37.55678494,126.92851359,
신촌노외 공영주차장(구),37.553711,126.934128,
LG전자베스트샵 동교점,37.558325,126.926802,
쓰리알유시티 주차장,37.55883346,126.92738241,
애경타워 주차장,37.557095,126.927441,
칼리오페 주차장,37.55349117,126.92431124,
라이즈 오토그래프컬렉션 호텔,37.554439,126.921297,
아만티호텔 서울,37.557173,126.918598,
지남빌딩,37.56016449,126.92085666,
마포중앙도서관 공영주차장(구),37.56376056,126.90835345,
망원노외주차장(구),37.559577,126.906609,
성산2-1 공영주차장(구),37.564801,126.906726,
마포구청(마포구종합행정타운),37.56633524,126.90189819,
마포클레세오피스텔,37.564641,126.903576,
망원1-2 공영주차장(구),37.55558459,126.90587312,
망원2-1 공영주차장(구),37.557769,126.901535,
상암월드시티,37.565454,126.903534,
아트센타,37.561969,126.905229,
마포농수산물시장 공영주차장[마포구청역 1호점],37.5651631,126.89797706,
망원1-1 공영주차장(구),37.556025,126.900057,
망원2주차장[서울함공원옆],37.553965,126.896929,
문화비축기지주차장,37.569477,126.8947403,
홈플러스 월드컵점,37.56833,126.89859,
"난지공원1, 2, 3주차장",37.5613576,126.88728016,
가양3동 공영주차장(시),37.56033753,126.85977547,
강변샤르망1단지,37.559486,126.857267,
강변샤르망2단지,37.559234,126.857549,
강변샤르망3단지,37.559112,126.856912,
더브리티시몰,37.557888,126.856062,
가양상가,37.562073,126.852591,
이스타빌1차,37.562578,126.853005,
금부빌딩,37.561606,126.853345,
영보빌딩 공영주차장(시),37.56332959,126.85308175,
홈플러스 가양점,37.564269,126.850032,
홈플러스 강서점,37.558393,126.855058,
NC 강서점,37.55998779,126.84037793,
VIPS프리미어 등촌점,37.558533,126.842206,
가양라이품 공영주차장(시),37.57155732,126.84165292,
마곡대방디엠시티2차,37.568517,126.839457,
리더스애비뉴 마곡,37.561364,126.837048,
마곡센트럴타워1차,37.559596,126.832672,
마곡테크노타워1차,37.560423,126.834402,
열린M타워,37.558435,126.834315,
마곡테크노타워2 주차장,37.558168,126.828561,
메트로비즈타워,37.558244,126.827409,
SB타워3 주차장,37.558933,126.82384,
류마타워2차,37.558938,126.824943,
신방화역 공영주차장(시),37.56706812,126.81757628,
개화산역 공영주차장(시),37.57224302,126.80518976,
김포국제공항 국내선 제2주차장,37.558348,126.807332,
김포국제공항 화물청사 주차장,37.554713,126.809034,
롯데슈퍼프레시 개화산점,37.572006,126.807753,
김포국제공항 국내선 제1주차장,37.560122,126.804257,
김포국제공항 국제선 주차빌딩,37.56471,126.79971505,
김포국제공항 국제선 지하주차장,37.564851,126.802117,
롯데백화점 김포공항점 주차장,37.564119,126.803464,
장충단로(한남광장) 관광버스전용 주차장(시),37.54738352,127.00269901,
공덕1-1 공영주차장(구),37.547386,126.960882,
공덕 효성해링턴스퀘어 주차장,37.543023,126.951226,
마포 재정회관빌딩,37.546364,126.953287,
별정우체국연금관리단빌딩,37.545954,126.953002,
이마트 마포점[마포 공덕역 3호점],37.54244058,126.95338137,
마포신영지웰 주차장,37.5438757,126.95009648,
염리 공영주차장(구),37.54199792,126.94523726,
나이스파크서강점주차장,37.545996,126.932496,
망원1주차장[당산철교북단],37.545234,126.909896,
양화진 공영주차장(구),37.545722,126.911222,
양화3주차장[양화선착장앞],37.54489139,126.89289421,
드림앤드림,37.544613,126.837163,
한강진역 공영주차장(시),37.53952176,127.00257963,
용산더프라임,37.540206,126.969997,
경찰공제회 자람빌딩,37.541842,126.949689,
도화 공영주차장(구),37.54155295,126.94993374,
마포아크로타워,37.54133579,126.9489866,
다보빌딩,37.538408,126.94504,
마포유수지(시),37.53890027,126.94266859,
양화1주차장[당산철교 하부],37.53796609,126.90331806,
양화2주차장[전망카페],37.5388433,126.90146242,
볏골공원 지하공영주차장(구),37.54149243,126.84439601,
가로공원로 지하 주차장(구),37.53758251,126.83934816,
이태원주차장(민영),37.533664,126.994379,
한남동 공영주차장(구),37.53496611,127.00019178,
삼각지고가밑 공영주차장(시),37.53713406,126.9692661,
공유) 한강로동 32구간(구),37.53386,126.96795,
용산주차빌딩 공영주차장(시),37.53436379,126.96541818,
여의서로 공영주차장(시),37.53320847,126.91685164,
목동체비지 공영주차장(시),37.53679354,126.8806468,
부영그린 공영노상주차장(구),37.537282668073196,126.88113087040017,
법안정사 공영주차장(구),37.53574264261237,126.87752598956801,
신영시장 공동주차장(구),37.53302124,126.83625423,
신월3동 여울공영주차장(구),37.53504594,126.82414512,
공유) 한강로동 22구간(구),37.529486,126.97003,
아모레퍼시픽 본사 주차장,37.52917153,126.96843137,
아이파크몰 용산점 주차장,37.528694,126.963766,
서울드래곤시티,37.532138,126.961445,
여의도한강2주차장(마포대교남단),37.528797,126.931198,
세우빌딩,37.530037,126.926235,
신한드림리버오피스텔 주차장,37.529664,126.924537,
여의도한강3주차장(서강대교남단),37.53240356,126.924436,
당산고가밑 공영주차장(시),37.53261905,126.90086754,
당산역효성해링턴타워오피스텔 주차장,37.532719,126.9005,
YP센터 주차장,37.52853206,126.89149431,
영등포구청별관 공영주차장(구),37.528464,126.89437002,
양천사회단체봉사센터 공영주차장(구),37.531871,126.875505,
중소기업유통센터(행복한백화점),37.52937002,126.87612377,
홈플러스 목동점,37.530284,126.873283,
앵커원,37.5240936,126.9298043,
IFC 서울 주차장,37.52497241,126.92532318,
씨티플라자 주차장,37.52407584,126.92604709,
아이엠(im)증권빌딩,37.524501,126.923781,
파크원 주차장,37.52607331,126.92831446,
현대차증권빌딩,37.52406,126.924518,
여의도한강4주차장(여의2교-하부파천교),37.526097,126.913163,
당산2동(구),37.52824898,126.90779447,
롯데마트맥스 영등포점,37.52782182,126.90463093,
영등포제2스포츠센터,37.526684,126.902742,
코레일유통 본사 사옥 주차장,37.525797,126.902025,
당산근린공원 공영(구),37.52552609,126.89579413,
영등포구청(구),37.52603084,126.89527071,
당산노외 공영주차장(시),37.52625065,126.89945376,
영등포구청역 공영주차장(시),37.52432737,126.89548892,
웨스턴베니비스 영등포점,37.527596,126.896019,
서울양평점 롯데마트주차장(케이엠파크),37.52606684,126.89166568,
우림이비지센타 주차장,37.52579977,126.88797228,
현대41타워옆 노상공영주차장(구),37.52790955709728,126.87469438548557,
현대백화점 목동점,37.52685813,126.87503705,
NH농협은행 목동역지점,37.527005,126.863928,
신월4동 공영주차장(시),37.525643,126.837692,
63스퀘어(63빌딩),37.520253,126.939938,
여의도한강공원1주차장(63빌딩앞),37.52217837,126.93973139,
원효대교 남단 공영주차장(시),37.52249148,126.93704902,
여의도 사학연금(TP타워),37.52169298376825,126.92284405231476,
영남 공영주차장(시),37.51947074,126.90260898,
목동우림필유,37.520883,126.869091,
한전 뒷길 노상주차장(구),37.52037416777665,126.868873716548,
어울림 공영주차장(구),37.522184,126.869169,
제이월드빌,37.521777,126.869513,
LG전자베스트샵 양천본점,37.521383,126.857487,
웃우물 공영주차장(시),37.52379759,126.85141746,
동방숯가마사우나,37.521433,126.846456,
이촌1주차장[반포대교북단 하류],37.51770458,126.99191955,
동작대교 공영주차장(시),37.518577,126.983287,
이촌2주차장[동작대교 하부],37.51535432,126.98314157,
"이촌3, 4주차장",37.5174522,126.97059677,
여의도한강5주차장(성모병원앞),37.51696501,126.93576386,
금융투자협회,37.519058,126.927645,
신길환승(5호선)(구),37.51775234,126.91460391,
영등포 롯데역사 주차장,37.51597645,126.90749608,
영등포로터리 공영주차장(시),37.51815768,126.91153056,
영등포동제3공영(구),37.517985,126.902785,
세미콜론문래,37.516095,126.899927,
홈플러스 영등포점,37.518244,126.895921,
문래동공영(구),37.51631443,126.8877957,
양천구청 노상공영주차장(구),37.51796698162113,126.86650968602822,
누리 공영주차장(구),37.515405,126.862724,
동문굿모닝탑 앞 노상공영주차장(구),37.51527798956388,126.8610298457858,
목동이스타빌,37.516409,126.862116,
문화회관 동측 공영주차장(구),37.516978,126.863605,
밝은빛 공영주차장(구),37.516179,126.861337,
양천경찰서 노상공영주차장(구),37.51687019364009,126.86508588159528,
반포1주차장[반포대교남단 상류],37.513555,127.003245,
메가스터디타워,37.512823,126.941669,
VIPS 대방점,37.512291,126.925784,
영등포본동제2공영(구),37.51332538,126.91407775,
문래1동 공영주차장(시),37.51356811,126.89715171,
센터플러스,37.512193,126.897016,
계남다목적체육관[계남근린공원 1호점],37.513034,126.850433,
"반포2, 3주차장",37.50967919,126.99514709,
덕봉빌딩[중앙대 1호점],37.50760295,126.9628339,
동해주차장[중앙대 2호점](민영),37.50769977,126.96331901,
공유) 동작도서관(01~05구간)(구),37.50631944,126.9406907,
공유) 동작도서관(22~26구간)(구),37.506728,126.941458,
공유) 상도래미안(60~70구간)(구),37.5064277,126.9350866,
도림동 공영주차장(구),37.50834696,126.89679637,
신도림테크노마트주차장,37.506985,126.890335,
현대백화점 디큐브시티,37.508607,126.888938,
동작대교(위) 공영주차장(시),37.50566233,126.9801074,
공유) 장승배기로B(구),37.502399,126.940339,
해군본부앞 공영주차장(시),37.50439719,126.92088932,
도림신협본점 옥외주차장,37.50563,126.910559,
스타팰리스,37.503287,126.881119,
구로대명벨리온,37.50329395,126.87434357,
제니스스포츠클럽,37.504707,126.870315,
반포서래공영주차장(구),37.49814931,126.99783192,
서래마을공영주차장(구),37.49715663,126.99877889,
메트하임,37.500311,126.91664,
대림운동장(구),37.49965667,126.89483844,
구로5동마을공동주차장(구),37.50085864,126.88604808,
NC백화점 신구로점[구로역 4호점],37.50114707,126.8827651,
일이삼전자타운,37.49747916,126.86315996,
대림프라자,37.497554,126.855719,
아이파크몰 고척점 주차장,37.497803,126.860705,
서울특별시보라매병원,37.493829,126.924501,
대림1동공영(구),37.49314103,126.90163365,
대림역 공영주차장(시),37.49374143,126.89514931,
대림노외 공영주차장(시),37.4928472,126.89433148,
대림역2 공영주차장(시),37.49660657,126.89348195,
동구로 공영주차장(시),37.49510602,126.89186155,
정현빌딩,37.494119,126.89378,
가마산고가밑 공영주차장(시),37.49296464,126.88270317,
오류동 시티월드,37.49444763,126.84103669,
방배열린문화센터 공영주차장(구),37.48895873,126.99232981,
서초 마제스타시티,37.490654,127.005473,
봉천복개3 공영주차장(시),37.4891104,126.92911787,
롯데백화점 관악점 주차장,37.49055258,126.92509617,
보라매상업 공영주차장(시),37.49039184,126.92340595,
전문건설회관 주차장,37.492012,126.924303,
해태보라매타워,37.491212,126.924987,
신대방역 공영주차장(시),37.48830327,126.91452278,
고려대학교 구로병원,37.4917248,126.884062,
구로4동 주택가 공동 주차장(구),37.48968656,126.88695201,
온수역(남) 공영주차장(시),37.49202674,126.82393812,
방배1동 공영주차장(구),37.48549233,126.99247595,
공유) 삼일주차장(민영),37.483706,126.973835,
우성타운상가,37.486163,126.958534,
봉천동 메카플러스주차장,37.48615857,126.94738402,
타임스트림[신림역 2호점],37.48386679,126.93020739,
구로디지털단지역 공영주차장(시),37.48543179,126.90124331,
구로디지털단지역(상) 공영주차장(시),37.48481135,126.90323392,
TP타워,37.48515535,126.89507102,
삼성IT밸리 주차장,37.486037,126.894718,
우림이비지센터,37.486919,126.895235,
대륭포스트타워7차,37.487319,126.894567,
벽산디지털밸리7차,37.487507,126.894005,
에이스테크노타워3차 주차장,37.484386,126.893324,
KT개봉빌딩,37.48671161,126.85769069,
천왕역 공영주차장(시),37.48728845,126.83918316,
랑데르오피스텔상가,37.486598,126.838248,
공유) 은행나무골(구),37.481083,126.97161,
G-Tower[구로 지스퀘어점],37.48016976,126.8952706470708,
JNK디지털타워,37.482417,126.897046,
마리오타워,37.482225,126.895367,
지플러스타워,37.48307,126.897861,
코오롱 디지털타워 빌란트 1차,37.48346092,126.89654064,
구로 한화비즈메트로,37.480802,126.892895,
에이스 하이엔드 타워 1차 부설주차장,37.48153894,126.89345807,
SJ테크노빌 주차장(롯데팩토리아울렛),37.47944415,126.88459482,
스타밸리 주차장,37.48169755,126.88484394,
가산 우림라이온스밸리,37.479934,126.882532,
가산A1타워 주차장,37.482971,126.878859,
가산비즈니스센터,37.48018615,126.88106079,
에이스테크노타워10차 주차장,37.48291585,126.88115699,
대륭테크노타운5차,37.48039,126.875947,
대륭테크노타운6차 주차장,37.48119476,126.8760601,
디폴리스 주차장,37.47984151,126.87708848,
백상스타타워2차,37.48248593,126.87746904,
구로 천왕센터프라자,37.480874,126.839309,
사당노외 공영주차장(시),37.47543791,126.98377372,
남현동 도원빌딩,37.476133,126.978907,
하이힐(현대시티아울렛),37.477607,126.889162,
stx V-TOWER 주차장,37.47723596,126.88376012,
더리즌밸리 주차장,37.47596366,126.88840141,
마리오아울렛 1관,37.47820076,126.88711812,
마리오아울렛 2관,37.47867559,126.88639434,
마리오아울렛 3관,37.4784765,126.88501587,
에이스하이엔드3차 주차장,37.47814,126.881721,
아이온타워3차,37.478802,126.822703,
구로항동에이스캠프,37.476611,126.81735,
홈플러스 남현점,37.471474,126.982437,
세이브마트 신림본점 주차장,37.474325,126.917867,
롯데마트 맥스 금천점,37.47065964,126.89577553,
가산아이에스비즈타워[가산동 3호점],37.47287815,126.88323063,
잔카드림타워,37.47145803,126.88237814,
한라시그마밸리,37.47300896,126.88113448,
LG전자베스트샵 금천본점,37.469384,126.898483,
현대지식산업센터,37.46893342,126.89572924,
홈플러스 금천점,37.468669,126.896874,
독산동 금천교 공영주차장(시),37.46660227,126.89009808,
가산동 금천교 공영주차장(시),37.46602736,126.8875314,
더 루벤스밸리[독산역 1호점],37.46620821,126.88710329,
대륭테크노타운 20차,37.466759,126.886899,
대륭테크노타운13차,37.468397,126.88777,
우림라이온스밸리2차,37.46684598,126.88833083,
남부여성발전센터 공영주차장(시),37.462917,126.905718,
금천 롯데타워 오피스텔,37.464592,126.890806,
디지털엠파이어 주차장,37.46538608,126.88749939,
효봉공영주차장(구),37.46077721,126.91096477,
금천 롯데 캐슬 4차,37.461029,126.89633,
롯데캐슬골드파크3차,37.4592374,126.8970595,
KT광명빌딩,37.45601954,126.88759789,
홈플러스 시흥점,37.451886,126.900804,
구파발역 공영주차장(시),37.63800702,126.91932176,
롯데몰 은평점 주차장,37.6374717811,126.91783905,
한화생명 불광동사옥,37.611843,126.92932,
서울기록원 부설주차장,37.607239,126.934435,
LG전자베스트샵 은평점,37.601228,126.924603,
이마트 은평점[은평이마트점],37.60079507,126.92066234,
진흥로 공영주차장(시),37.60124606,126.92011859,
상암오밸리스크1차,37.587104,126.883357,
강서1주차장[개화나들목 앞],37.58522128,126.81982059,
국립현대미술관 서울관,37.57951713,126.98059114,
SBS프리즘 타워주차장,37.57970504,126.89280744,
디디엠씨(DDMC) 주차장,37.57840939,126.89298914,
엠비씨 씨앤아이 파크엠(MBC C&I PARK M),37.57858093,126.89427368,
(주)우리기술 사옥,37.58139385,126.887447,
상암 더팬빌딩 주차장[마포 상암점],37.58162041,126.88706131,
트윈트리타워 주차장,37.57542635,126.9801813,
경복궁 주차장,37.576926,126.9791106,
적선동 주차장(시),37.57449014,126.97418586,
케이트윈타워,37.574719,126.979023,
상암1 공영주차장(구),37.577281,126.897236,
방화역(동) 공영주차장(시),37.57730116,126.81331479,
방화역(서) 공영주차장(시),37.57757395,126.81217459,
개화역 공영주차장(시),37.57798421,126.79821222,
세종로 공영주차장(시),37.57340269,126.97588429,
다올빌딩,37.54991985,127.17592213,
한국종합기술 사옥[강동첨단 2호점],37.54976664,127.17440477,
명일동 주차장(구),37.55097027,127.14292219,
공유) 광장동 IoT 공유주차장(구),37.551184,127.110972,
한국소아마비협회,37.550808,127.09759,
어린이대공원(상상나라),37.55093306,127.07649254,
공유) 19-17(구),37.550354126,127.06837751,
송정동(건물) 공영주차장(구),37.549976,127.0680728,
공유) 19-21(구),37.550551,127.067161,
공유) 19-01(구),37.54887732,127.06327915,
공유) 19-02(구),37.549574824,127.06457197,
공유) 19-03(구),37.551250507,127.06615984,
공유) 18-05(구),37.549,127.05497,
성수2가3동(건물) 공영주차장(구),37.54913662,127.05519826,
공유) 16-09(구),37.55074865727688,127.05020070075989,
공유) 16-14(구),37.55066359753223,127.05024361610413,
공유) 16-10(구),37.55014473098784,127.050222158432,
공유) 18-01(구),37.5494,127.0518,
공유) 16-01(구),37.550820957,127.04624712,
공유) 16-03(구),37.550255309,127.04538345,
공유) 16-04(구),37.549511028,127.04634368,
공유) 16-06(구),37.54866891869198,127.04750776290894,
공유) 16-36(구),37.5486300809474,127.04114608441367,
뚝섬유수지(평면) 공영주차장(구),37.54982,127.041794,
공유) 08-07(구),37.549464244,127.03298091,
응봉동(평면) 공영주차장(구),37.549237,127.033572,
공유) 09-02(구),37.54994909,127.02660799,
공유) 09-06(구),37.55082911,127.02632265,
공유) 10-04(구),37.55087391,127.02336887,
공유) 11-05(구),37.54896,127.01793,
공유) 11-10(구),37.54968115,127.01962878,
강동홈플러스 주차장,37.54569237,127.14227409,
천호1동 주차장(구),37.544695,127.136656,
"광나루1, 2주차장",37.54524688,127.11991897,
천호유수지 주차장(구),37.54482977,127.12189925,
어린이대공원(구의문),37.5455346,127.0850851,
빌리브인테라스,37.545989,127.0739607,
공유) 18-21(구),37.54620633,127.06341326,
공유) 18-23(구),37.54742,127.06253,
공유) 18-25(구),37.54601,127.06187,
공유) 18-10(구),37.54574,127.05851,
공유) 18-11(구),37.5479718,127.05989,
공유) 18-14(구),37.5464,127.06045,
공유) 18-15(구),37.545576848,127.05996,
공유) 18-18(구),37.54452,127.05846,
공유) 18-36(구),37.544130719,127.05642342,
공유) 18-44(구),37.543925,127.05587,
공유) 16-17(구),37.54740371784213,127.04962118328591,
서울숲아이티밸리,37.547178,127.050013,
공유) 18-02(구),37.54819,127.05135405,
공유) 18-03(구),37.54808,127.05362,
공유) 18-04(구),37.54659,127.05106,
공유) 18-32(구),37.5453,127.05007,
공유) 18-43(구),37.545479022,127.0505172,
공유) 18-33(구),37.545614,127.052007,
팩토리얼 성수,37.54422641973328,127.05447614192961,
공유) 15-01(구),37.545839,127.045891,
공유) 15-27(구),37.544292346,127.0470947,
공유) 16-30(구),37.54677201040518,127.04723417758942,
공유) 16-31(구),37.54587032406914,127.0472127199173,
누디트서울숲 주차장,37.547753,127.045195,
갤러리아포레 더몰 상가 주차장,37.545295,127.043045,
공유) 12-02(구),37.546874087,127.02728588,
금남시장 공영주차장(구),37.5484862,127.0232804,
공유) 12-01(구),37.5473207,127.01593307,
공유) 14-02(구),37.544193,127.016471,
공유) 14-03(구),37.54435,127.0169,
고분다리전통시장 주차장(구),37.542974,127.132245,
천호3동제2 주차장(구),37.54053,127.134109,
2001아울렛 천호점[천호아울렛점],37.54131025,127.12594022,
대우한강베네시티,37.540584,127.125039,
광나루3주차장[천호대교 하부],37.541306,127.116449,
건국대학교사범대학부속중학교 주차장,37.54069,127.082013,
건국대학교병원,37.54043859,127.07212746,
연한빌딩,37.54064061,127.07017995,
공유) 17-12(구),37.5402418,127.0625534,
공유) 18-29(구),37.543821505,127.0608382,
공유) 18-41(구),37.54265418,127.06185,
공유) 18-46(구),37.54228,127.06131,
공유) 17-13(구),37.5399746,127.06039855,
공유) 18-40(구),37.542297497,127.05991029,
공유) 18-48(구),37.54203,127.05939,
공유) 18-45(구),37.54314,127.0588,
무신사 E1,37.541721,127.058677,
공유) 15-10(구),37.541901923,127.05103218,
공유) 17-02(구),37.541200094,127.05371975,
공유) 18-34(구),37.5439,127.05278,
공유) 15-03(구),37.543620313,127.04537272,
공유) 15-06(구),37.54235,127.04897,
공유) 15-12(구),37.54006,127.04911,
공유) 15-23(구),37.54017,127.04673,
성수1가1동(건물) 공영주차장(구),37.53996228,127.04638485,
공유) 15-25(구),37.54314,127.04659,
메가박스 성수점,37.5420109,127.044587,
에피소드 성수101 주차장,37.54078374,127.0487364,
옥수역 공영주차장(시),37.54249491,127.01721255,
옥수유수지(평면) 공영주차장(구),37.541363,127.018293,
LG전자베스트샵 강동본점,37.535495,127.138683,
강동성심병원[본관/웰빙센터 주차장],37.536141,127.135263,
석탄공회관 주차장,37.53722656,127.13773854,
우성아트빌,37.538432,127.137169,
강동웨딩KDW 본관주차장,37.53516026,127.13365501,
천호3동 주차장(구),37.53890256,127.13325491,
프린스 주차장,37.536952,127.129914,
천호역 공영주차장(시),37.53849749,127.12512853,
현대백화점 천호점,37.53886562,127.12444339,
풍납1(구),37.53551936,127.12029156,
풍납2(구),37.53604678,127.11607498,
구의3동 공영주차장(구),37.5391245,127.09138968,
신라빌딩[구의역 자양사거리점],37.53702,127.082943,
LG전자베스트샵 건대입구점,37.537905,127.076347,
자양4동 공영주차장(구),37.53867795,127.06824343,
공유) 17-11(구),37.53957343,127.0593229,
공유) 17-16(구),37.5394386,127.0553073,
공유) 17-18(구),37.53928655,127.06004897,
공유) 17-31(구),37.5379131,127.05649422,
공유) 17-33(구),37.53732077,127.059491,
공유) 17-37(구),37.536512557,127.05679357,
공유) 17-38(구),37.536461512,127.05731391,
공유) 17-40(구),37.5357232,127.05734114,
성수2가1동(건물) 공영주차장(구),37.53716718,127.05619675,
공유) 15-21(구),37.53656,127.04902,
공유) 17-22(구),37.5383223,127.0520354,
공유) 17-24(구),37.53701025,127.052308,
공유) 17-25(구),37.53621904,127.05255568,
공유) 17-27(구),37.53566604,127.05200314,
공유) 17-26(구),37.53609568,127.0504367,
공유) 17-29(구),37.5374,127.05428,
공유) 17-41(구),37.535236407,127.053532,
공유) 17-44(구),37.535542685,127.05442249,
안말 주차장(구),37.531248,127.129855,
성진강변스파랜드,37.5349417,127.09125929,
와이엠프라젠스파,37.53090327,127.08416216,
편안한요양병원[광진자양점],37.53157639,127.08647428,
압구정29길 노상공영 주차장(구),37.531674,127.027216,
동호대교(남) 공영주차장(시),37.53106835,127.02481727,
삼원빌딩,37.529346,127.136281,
공유) 15-가600구간(구),37.530569,127.12366237,
갤러리아백화점 명품관 EAST,37.52808559,127.04159925,
갤러리아백화점 명품관 WEST,37.52857263,127.0400765,
압구정고가1 공영주차장(시),37.526269,127.028388,
압구정고가2 공영주차장(시),37.52581394,127.0283654,
언주로171길(구),37.52761162,127.03170913,
현대백화점 압구정 본점,37.52732583,127.02746025,
압구정 428 공영주차장(구),37.52701729,127.02647115,
"잠원1, 2, 3, 4, 5, 6주차장",37.5275464,127.01895624,
신천유수지 공영주차장(시),37.52231457,127.10290327,
선릉로146길 노상공영주차장(구),37.52188443,127.0409429,
도산대로45길(구),37.52381624,127.03561265,
신구초 공영주차장(구),37.52309456,127.02429256,
성내역(잠실나루역) 공영주차장(시),37.51806624,127.10505804,
"잠실1, 2, 3, 4주차장",37.517984,127.081214,
청담동 삼강빌딩,37.52061352,127.05741236,
강남구청 주차장,37.5175696,127.04750582,
언북초교 공영주차장(구),37.51999434,127.04565885,
선릉로132길 노상공영 주차장(구),37.51828534,127.04322537,
언주로147길(구),37.51983461,127.03339974,
파티오나인지상주차장,37.518087,127.0293906,
파티오나인지하주차장,37.51829753,127.02916516,
송파빌딩 주차장,37.51511711,127.10725577,
잠실대명밸리온,37.515711,127.111169,
교통공원길(구),37.51668888,127.10343693,
롯데월드타워몰 주차장,37.513214,127.103274,
롯데캐슬골드,37.51449368,127.10073623,
잠실역 공영주차장(시),37.51427683,127.10341414,
타워730 주차장,37.51579103,127.09910681,
JBK타워 주차장,37.51504294,127.06315005,
삼성1문화센터 공영주차장(구),37.51434435,127.0626519,
영동대로106길(구),37.51380869,127.06311388,
강남구청사 삼성동 별관,37.5160902,127.05208629,
논현로131길(구),37.514637,127.03033,
강남대로150길(구),37.515849,127.020618,
위워크 신사점 주차장,37.51419673,127.02060837,
롯데월드 주차장,37.51142084,127.09804531,
새마을시장(구),37.5091049,127.08647786,
봉상시길(구),37.51141972,127.0799307,
영동대로86길노상(구),37.50849,127.066681,
메디톡스사옥,37.50929417,127.06640733,
영동대로96길(구),37.51142444,127.06509668,
코엑스 주차장,37.51243164,127.05884715,
현대백화점 무역점,37.50861623,127.05973996,
호텔오크우드 주차장,37.511048,127.058108,
강남치매지원센터 공영주차장(구),37.5102479,127.04645828,
논현초교 공영주차장(구),37.50822463,127.02626245,
무이재한방병원,37.512067,127.023648,
화이트팜,37.511022,127.023183,
뉴코아 강남점,37.509251,127.00751007,
동인트루빌,37.503758,127.126885,
공유) 12-37(구),37.50642656,127.11780965,
송파동(건축물식)(구),37.50704487,127.11336408,
석촌역(제1호)(구),37.5063778,127.10851738,
대치유수지(구),37.50633272,127.06815131,
영동대로85길(구),37.50707261,127.06228028,
오토웨이타워 주차장,37.50618013,127.06374105,
브이플렉스 주차장,37.50752506,127.05676928,
테헤란로78길노상(구),37.505903,127.055303,
KT선릉타워,37.50527179,127.05289807,
강남파이낸스프라자,37.505885,127.052161,
테헤란로69길 노상공영 주차장(구),37.50643058,127.05267045,
테헤란로64길(구),37.50475364,127.05103466,
덕우빌딩,37.506041,127.049017,
반포동 방음언덕형 공영주차장(구),37.50486336,127.01835867,
언구비 공영주차장(구),37.50474149,127.02098179,
천마(건축물식)(구),37.500309,127.154955,
롯데슈퍼프레시 가락점,37.503081,127.125325,
헬리오시티상가 주차장,37.499804,127.111493,
빌라드그리움 주차장,37.50039737,127.10408468,
삼전동(건축물식)(구),37.50025109,127.09589543,
새마을운동중앙회빌딩,37.502748,127.067243,
SM TOWER,37.499395,127.061136,
대치2문화센터 공영주차장(구),37.50227954,127.06420443,
은마아파트(구),37.49997242,127.06638144,
아르고주차장,37.501437,127.054344,
위워크 선릉3호점 주차장,37.50346366,127.04987204,
역삼아이타워,37.50352939,127.04707528,
테헤란오피스빌딩,37.503222,127.047242,
센터필드 주차장,37.50351,127.041761,
역삼아르누보씨티,37.503416,127.042847,
오렌지플래닛,37.502116,127.039836,
테헤란로26길(구),37.49998021,127.0359282,
강남N타워 주차장,37.500036,127.03217,
역삼문화공원 공영주차장(구),37.5026327,127.03006081,
마천동1(건축물식)(구),37.49528691901275,127.15556077987078,
마천동3(건축물식)(구),37.49615427,127.14984862,
현대그린빌아파트,37.495187,127.150971,
대청역 공영주차장(구),37.49495555,127.07932368,
학여울 공영주차장(시),37.49705092,127.07239543,
남부순환로397길(구),37.494774,127.061865,
도곡로 421 공영주차장(구),37.49782255,127.05648634,
도곡로 327 공영주차장(구),37.496258,127.05174035,
도곡초 공영주차장(구),37.49906096,127.05468508,
롯데백화점 강남점 주차장,37.496953,127.053346,
도곡프라자,37.498518,127.047981,
역삼1문화센터 공영주차장(구),37.49534845,127.03323757,
삼원타워,37.498702,127.03163,
마천동2(건축물식)(구),37.49436437,127.1561092,
서평프라자,37.4930504,127.149032,
가락몰 주차장,37.493986,127.116099,
일원동맛의거리(구),37.49109045,127.08731671,
탄천제2호 공영주차장(구),37.49403327,127.087416,
영희초교 공영주차장(구),37.49192117,127.08129163,
영동6교밑 공영주차장(시),37.49461857,127.07115188,
대치동507-3(구),37.49360041,127.06327573,
도곡로21길 7 공영주차장(구),37.49250002,127.0388068,
역삼이스타빌,37.493762,127.043149,
솔라티움시티오피스텔,37.494383,127.027711,
한화생명 서초사옥(드림플러스),37.490875,127.030305,
현대기림오피스텔,37.494023,127.028388,
오퓨런스[서초역 1번출구],37.492016,127.009657,
송파헤븐시티더테라스,37.485798,127.142556,
문정근린공원(구),37.48599491,127.12464869,
수서역북 공영주차장(시),37.48801285,127.09994995,
일원1동(기계식)(구),37.48948769,127.08176548,
개포동공원 공영주차장(구),37.48949036,127.06623841,
린스퀘어 주차장,37.48867108,127.05302777,
언주초 공영주차장(구),37.48664435,127.03705039,
에피소드 서초 393 주차장,37.48998528,127.02969202,
공유) 3-66(구),37.48895165,127.0079434,
우제빌딩 주차장,37.48795025,127.00893688,
화엄타워 주차장,37.484172,127.121364,
일원역 공영주차장(시),37.48468629,127.08408987,
논현로22길(구),37.48150119,127.04781332,
논현로28길 노상공영 주차장(구),37.484765,127.045972,
논현로32길15 공영주차장(구),37.48430646,127.04341808,
GS건설 서초타워,37.48327278,127.02113395,
이마트에브리데이 남부터미널점,37.485691,127.02075,
가든파이브 라이프,37.477592206,127.125068,
구룡산제2호(구),37.47725982,127.06647741,
구룡산제1호(구),37.47791276,127.06605468,
제이프러스빌딩,37.47967132,127.03967212,
밤고개로21길 공영주차장(구),37.47354638,127.11441141,
포이초교 공영주차장(구),37.47564571,127.05236496,
매헌시민의숲동측 공영주차장(구),37.4723039,127.03822651,
복정역 공영주차장(시),37.47005293,127.1277329,
헌릉로745길(구),37.47129437,127.11917805,
서강프라자,37.472022,127.09604,
구룡공원 공영주차장(구),37.471637,127.048511,
동산마을 공영주차장(구),37.47009388,127.04432613,
언남문화체육센터 공영주차장(구),37.47217874,127.04431809,
강남레체오피스텔,37.466035,127.101406,
대왕초 공영주차장(구),37.46445115,127.10558271,
팜모드 주차장,37.467241,127.099975,
이마트 양재점[양재시민의숲역 2호점],37.46331731,127.03687065,
서초케이타운,37.457159,127.058727,
내곡드림시티1,37.44735,127.056302,
내곡프라임시티,37.44792,127.055722,
